chart,type
c3_area.jpg,AreaGraph
grafico%2Bd%2Barea.jpg,AreaGraph
areacolor06.jpg,AreaGraph
ZA100902863082%255B1%255D.gif,AreaGraph
grafico%2B3b.jpg,AreaGraph
Gr%25C3%25A1fico%2Bde%2Barea%2Bc.39.bmp,AreaGraph
grafico%2Bde%2Barea.JPG,AreaGraph
Gr%25C3%25A1fico%2Bde%2B%25C3%25A1rea.jpg,AreaGraph
AREAS.gif,AreaGraph
stacked-area-chart.jpg,AreaGraph
aaf8-c.gif,AreaGraph
AreaGraph.png,AreaGraph
areachart_sample.png,AreaGraph
bfggraph18.png,AreaGraph
graf18.png,AreaGraph
1262.jpg,AreaGraph
1144521392_normal.png,AreaGraph
Whats_New_in_2005_Volume_2_10.png,AreaGraph
Chart_Area_Chart_01.png,AreaGraph
2D-3D-Area-Graph-1507.png,AreaGraph
2D-3D-Area-Graph-1508.png,AreaGraph
2D-3D-Area-Graph-and-Charts-19936.png,AreaGraph
captur59.png,AreaGraph
105211_2.jpg,AreaGraph
kotug_big2.gif,AreaGraph
cfd_example_1.jpg,AreaGraph
graphld1.jpg,AreaGraph
pokergrapher-area-curve.jpg,AreaGraph
area.jpg,AreaGraph
stackedarea.gif,AreaGraph
area-chart.png,AreaGraph
evolucao_dos_gastos_publicidade_lula.jpg,AreaGraph
pracwlm_021.gif,AreaGraph
defaul6.gif,AreaGraph
Graph_Area_Big.jpg,AreaGraph
AreaGraphLarge.jpg,AreaGraph
StackedAreaGraphLarge.jpg,AreaGraph
ex_air02.gif,AreaGraph
ex_air04.gif,AreaGraph
ex_air13.gif,AreaGraph
01fig_5-5.gif,AreaGraph
docs_190721a_area_chart_en.gif,AreaGraph
docs_190721c_area_chart_en.gif,AreaGraph
03-05_Image.png,AreaGraph
area_b.png,AreaGraph
area_chart.png,AreaGraph
area-graph-252.gif,AreaGraph
product_jclb_Graph__Area.png,AreaGraph
2008%2BCons%2BElec%2BCumul.JPG,AreaGraph
image017.gif,AreaGraph
852138_thumb1.jpg,AreaGraph
856099_thumb1.jpg,AreaGraph
Area.JPG,AreaGraph
wave_screen.jpg,AreaGraph
area.png,AreaGraph
graph2_20090918.gif,AreaGraph
hori.gif,BarGraph
HTMLHorizontalChart2.jpg,BarGraph
grafico%2Bde%2Bbarras.jpg,BarGraph
3d-stacked-horizontal-bar-graph-software4946.jpg,BarGraph
image044.gif,BarGraph
BARRAS%2BHORIZONTALES.JPG,BarGraph
070316_graph1.png,BarGraph
Grafico-2.gif,BarGraph
Image15.gif,BarGraph
make_graph.png,BarGraph
2007-03-16.jpg,BarGraph
graph1.jpg,BarGraph
bar-chart.png,BarGraph
diagramm.PNG,BarGraph
gr_03.png,BarGraph
simple_barchart.jpg,BarGraph
10789_large.jpeg,BarGraph
8515_large.jpeg,BarGraph
SampleBarGraph.jpg,BarGraph
LookAtMe-HairBarGraph.jpg,BarGraph
PHPChart2.gif,BarGraph
HBarChart.gif,BarGraph
sample6.png,BarGraph
nopiefig8.gif,BarGraph
01.gif,BarGraph
1.gif,BarGraph
2_spx400.jpg,BarGraph
3D-Stacked-Horizontal-Bar-Graph-Software.gif,BarGraph
horizbargraph.gif,BarGraph
c07fc04.gif,BarGraph
BarChartExampleHorizontal.PNG,BarGraph
Horizontal-Bar-Graph-12760.png,BarGraph
picture_gantt_chart.gif,BarGraph
fm1.gif,BarGraph
illcs2_chart_6.jpg,BarGraph
illcs2_chart_7.jpg,BarGraph
illcs2_chart_7.jpg,BarGraph
xrt2d-1.jpg,BarGraph
DHTML_Graph_V.jpg,BarGraph
HorizontalBarGraphLarge.jpg,BarGraph
14419-_D__D_Vert.gif,BarGraph
docs_190723a_bar_chart_en.gif,BarGraph
docs_190723b_bar_chart_en.gif,BarGraph
foreigners_b.png,BarGraph
4-07.GIF,BarGraph
4-09.GIF,BarGraph
JFreeChartBarChart3DDemo2.PNG,BarGraph
JFreeChartBarChartDemo2.PNG,BarGraph
JFreeChartBarChartDemo5.PNG,BarGraph
servlet-data-files-bar-graph.png,BarGraph
sh_bar_graph_small.gif,BarGraph
bar-chart.gif,BarGraph
bar-graph.gif,BarGraph
horizontal-bar-graph-300x300.gif,BarGraph
stacked-horizontal-bar-graph-299x301.gif,BarGraph
bargraph1.gif,BarGraph
10.jpg,BarGraph
barGraphHorizontal.gif,BarGraph
Image1732.gif,BarGraph
image002.jpg,BarGraph
001.jpg,BarGraph
004.jpg,BarGraph
horizontalbargraph.gif,BarGraph
balkendiagramm-ranking-gradient.gif,BarGraph
balkendiagramm-ranking.gif,BarGraph
bwbar.gif,BarGraph
figure2.gif,BarGraph
bargra2.gif,BarGraph
sampleGTB.gif,BarGraph
Horizontal-Bar-Graph.gif,BarGraph
zu01.gif,BarGraph
zu31.gif,BarGraph
zu32.gif,BarGraph
grafico2.gif,BarGraph
Horizontalbar2.png,BarGraph
bar_horiz.jpg,BarGraph
boxplot-2.jpg,BoxPlot
boxplot1.gif,BoxPlot
box%2Bplot.gif,BoxPlot
boxplot.png,BoxPlot
sample_boxplot.png,BoxPlot
Box_Plot_Topic_9.jpg,BoxPlot
boxplot.jpg,BoxPlot
Boxplot%252BExample.gif,BoxPlot
NormalizedIntensityBoxPlot.png,BoxPlot
DupCorBoxPlot.jpg,BoxPlot
boxplot.jpg,BoxPlot
memori1.png,BoxPlot
month.jpg,BoxPlot
legendBoxPlot.gif,BoxPlot
boxplot_labeled.png,BoxPlot
Ch2_boxplot_3.png,BoxPlot
desc_stats_hw_boxplot6.png,BoxPlot
desc_stats_hw_boxplot9.png,BoxPlot
Ch2_boxplot_4.png,BoxPlot
boxplot.GIF,BoxPlot
495032091_2dc143c301.jpg,BoxPlot
box-plot-explained.gif,BoxPlot
slide2.jpg,BoxPlot
boxplot_explanation.png,BoxPlot
boxplot_knime.png,BoxPlot
boxplot.gif,BoxPlot
box-plot-fig-11.png,BoxPlot
box-plot-fig-22.png,BoxPlot
boxplot-example.jpg,BoxPlot
boxplot.jpg,BoxPlot
skel_box.gif,BoxPlot
02a_plot.gif,BoxPlot
BoxWhiskerV.gif,BoxPlot
SimpleBox03.png,BoxPlot
simple07box04.png,BoxPlot
boxplot-right.jpg,BoxPlot
boxplot.example.bmp,BoxPlot
BoxPlot.png,BoxPlot
box_example_with_categorization.png,BoxPlot
gsycmbp1a.gif,BoxPlot
boxplotintro.png,BoxPlot
boxplot.gif,BoxPlot
gsgplbox.gif,BoxPlot
styleboxdefault.png,BoxPlot
ex2out.png,BoxPlot
ex3aout.png,BoxPlot
Box-Plot_mit_Interquartilsabstand.png,BoxPlot
3pop.png,BoxPlot
Normality_box-plot.png,BoxPlot
300px-Michelsonmorley-boxplot.svg.png,BoxPlot
fig64_2.jpg,BoxPlot
C08fig01_Boxplot_Ewes.jpg,BoxPlot
fig8_two_boxplotsexample.jpg,BoxPlot
BasicBox.PNG,BoxPlot
BoxPlot21.gif,BoxPlot
frprofbox2.gif,BoxPlot
BCDashboardBoxPlot.jpg,BoxPlot
figure_7b_large.png,BoxPlot
box_1_labelled.jpg,BoxPlot
BoxPlot.gif,BoxPlot
boxplot0.gif,BoxPlot
boxplot.gif,BoxPlot
boxpwafe.gif,BoxPlot
boxplot.gif,BoxPlot
myb3smart_sg09.jpg,BoxPlot
myb3smart_sg10.jpg,BoxPlot
boxplot-right.jpg,BoxPlot
boxplot.jpg,BoxPlot
EVS_Boxplot_example0-2.gif,BoxPlot
WIB_Box_30.gif,BoxPlot
box_2_lg.png,BoxPlot
box_whisker.png,BoxPlot
Small_BoxPlot.png,BoxPlot
Small_HorizBoxPlot.png,BoxPlot
graphing_box_illustration.gif,BoxPlot
simple.box.defs.gif,BoxPlot
Box-and-Whisker-example-machines.jpg,BoxPlot
Box-and-Whisker-plot-example.jpg,BoxPlot
boxplot-notched.jpg,BoxPlot
box4.png,BoxPlot
boxplot2.jpg,BoxPlot
rplot-boxplot-by-month.png,BoxPlot
boxplot.sepal.width.png,BoxPlot
box-and-whisker-plot.gif,BoxPlot
box_pl1.gif,BoxPlot
1143f3.jpeg,BoxPlot
snap0376.png,BubbleChart
bubblegraph.jpg,BubbleChart
babule.jpg,BubbleChart
127eca2328eg214.jpg,BubbleChart
moochart.jpg,BubbleChart
43C4063CB7984FAA715EF7DCC1116423.jpg,BubbleChart
picture-2.png,BubbleChart
120px-BCG-Matrix2_svg.png,BubbleChart
180px-BCG-Matrix2_svg.png,BubbleChart
Blasendiagramm_Flachenwirtschaftlichkeit.jpg,BubbleChart
HelpResource.ashx%3Fhelp%3DXtraCharts%26document%3Dimg8654.jpg,BubbleChart
gr_bub.gif,BubbleChart
Bubble_300.gif,BubbleChart
2981177798_2bbc2eaa65.jpg,BubbleChart
3348447675_9ddd1d5cf7_o.png,BubbleChart
20080530092312_2211d3d.gif,BubbleChart
2h7qkp4.jpg,BubbleChart
301oymd.jpg,BubbleChart
todolistpositioningmap.jpg,BubbleChart
todolistpositioningmap.jpg,BubbleChart
yu_data.jpg,BubbleChart
img36342c23zik1zj.gif,BubbleChart
Q94.jpg,BubbleChart
bubble.jpg,BubbleChart
Climate-and-Energy-Security-Impacts-and-Tradeoffs-in-2025.png,BubbleChart
Bubble_graph_case1.jpg,BubbleChart
excel_bubbles.png,BubbleChart
bubble_chart_3.jpg,BubbleChart
Bubble_Graph.JPG,BubbleChart
3e74b_bubble_example1.jpg,BubbleChart
c4a9f_bubble_example2.jpg,BubbleChart
o0790043410710694856.png,BubbleChart
o0467047410710663541.png,BubbleChart
10018354218.gif,BubbleChart
stimulus-bill-bubble-graph.jpg,BubbleChart
480px-Bubble_Chart_Chicago_Deposit_Market.jpg,BubbleChart
240px-Adobe_Flex_BubbleChart.png,BubbleChart
graph_data07_04.gif,BubbleChart
500px-SOCR_Data_Dinov_PresidentialElectionsBubbleChart.jpg,BubbleChart
bubble_chart.gif,BubbleChart
classic_bubble_chart.gif,BubbleChart
bubble.png,BubbleChart
polarbubble_g.png,BubbleChart
b2.gif,BubbleChart
l_hp01.jpg,BubbleChart
xuting8961200922514514714908.gif,BubbleChart
2008120511452835.gif,BubbleChart
scatter.gif,BubbleChart
Bubble%2520Graph%2520IMG1.gif,BubbleChart
bubchart2.gif,BubbleChart
GRAPH_CIDXCID_BUBBLEGRAPH.GIF,BubbleChart
img245_2.gif,BubbleChart
docs_91610b_en.gif,BubbleChart
05-01_Image.png,BubbleChart
bubble_chart.jpg,BubbleChart
image003.jpg,BubbleChart
image014.jpg,BubbleChart
lod-datasets_2007-11-10.gif,BubbleChart
do7.gif,BubbleChart
ssrs2008-punktdiagramm.jpg,BubbleChart
BubbleChart60.gif,BubbleChart
Top_container_ports_2006_1.jpg,BubbleChart
webkaiseki_3_1a.gif,BubbleChart
bubble1_small.jpg,BubbleChart
MSOF093211.gif,BubbleChart
20100625085530675.gif,BubbleChart
e94d4dcc30cca970c710be7e23dbe29b.png,BubbleChart
support-marketingtrends-04.jpg,BubbleChart
page-segment-xlbubble.png,BubbleChart
Halal_TC%2520Longitudinal%2520Bubble%2520Chart_RE-CREATE_7-10-08.JPG,BubbleChart
Bubble-Chart.gif,BubbleChart
bubble1.png,BubbleChart
20090501154511.jpg,ColumnGraph
column_chart.jpg,ColumnGraph
3d-multi-series-stacked-column-graph5996.jpg,ColumnGraph
3d_multi_series_column_chart-55166.gif,ColumnGraph
%25E7%25A9%258D%25E3%2581%25BF%25E4%25B8%258A%25E3%2581%2592%25E6%25A3%2592%25E3%2582%25B0%25E3%2583%25A9%25E3%2583%2595.GIF,ColumnGraph
columnchart.gif,ColumnGraph
graphics1.png,ColumnGraph
2008020401.png,ColumnGraph
0.gif,ColumnGraph
parked-graph.jpg,ColumnGraph
bar_chart.gif,ColumnGraph
3D_Multi_Series_Stacked_Column_Graph-screenshot.gif,ColumnGraph
image014.jpg,ColumnGraph
image016.jpg,ColumnGraph
graph_bougraph_tumia03.gif,ColumnGraph
2986762639_34d8ea77b1.jpg,ColumnGraph
gr_12.png,ColumnGraph
chd_StackedWaterfall.png,ColumnGraph
Chart_Column_Chart_01.png,ColumnGraph
Chart_Working_2D_Stacked_Column_Chart_Data_01.png,ColumnGraph
3-005.gif,ColumnGraph
column-chart.png,ColumnGraph
ph1.jpg,ColumnGraph
image007.gif,ColumnGraph
PanelCht203.png,ColumnGraph
ng01CondColTarget.png,ColumnGraph
ng01CondColTarget01.png,ColumnGraph
DualCategoryAxis.png,ColumnGraph
saule.png,ColumnGraph
bar_graph_b.jpg,ColumnGraph
bar_graph_c.jpg,ColumnGraph
3d-multi-series-column-chart.jpg,ColumnGraph
3d-multi-series-stacked-column-graph.jpg,ColumnGraph
datatips.jpg,ColumnGraph
1.png,ColumnGraph
Ee692890.graph1-big(l%3Den-us).jpg,ColumnGraph
Ee692890.graph3-big(l%3Den-us).jpg,ColumnGraph
08658d3642692477462e7274eb4b1429.png,ColumnGraph
070507-1.gif,ColumnGraph
080611-01.gif,ColumnGraph
080611-02.gif,ColumnGraph
graph_data04_03.gif,ColumnGraph
illcs2_chart_4.jpg,ColumnGraph
illcs2_chart_5.jpg,ColumnGraph
column5.jpg,ColumnGraph
sdiagm.gif,ColumnGraph
chartSample.Png,ColumnGraph
sleepColumnChart.gif,ColumnGraph
columnchart.png,ColumnGraph
image005.jpg,ColumnGraph
img5.png,ColumnGraph
DHTML_Graph.jpg,ColumnGraph
notes002_column.jpg,ColumnGraph
20090324-01.gif,ColumnGraph
BAR20.JPG,ColumnGraph
hist_den1.jpg,ColumnGraph
3d_multi_series_stacked_column_graph-55168.gif,ColumnGraph
plot3_043.png,ColumnGraph
excel_picto_chart.jpg,ColumnGraph
ssrs2008-saeulendiagramm.jpg,ColumnGraph
84_uvfilter.jpg,ColumnGraph
rueckstand_02.jpg,ColumnGraph
bar-graph.gif,ColumnGraph
ColGraphFW.gif,ColumnGraph
3D-clustered-column-chart.gif,ColumnGraph
zeitplan_01.gif,ColumnGraph
s_ulendiagramm_-_gruppiert_und_gestapelt.png,ColumnGraph
s_ulendiagramm_-_leere_s_ulen_nicht_anzeigen_314599.jpg,ColumnGraph
s_ulendiagramm_mit_dummy_y-achse.png,ColumnGraph
population_medium_col.gif,ColumnGraph
tab1.gif,ColumnGraph
saeulendiagramm-beispiel.gif,ColumnGraph
03b_pictograph_column_chart.gif,ColumnGraph
bmumelder1gif.gif,ColumnGraph
bmumelder3gif.gif,ColumnGraph
bar1.gif,ColumnGraph
3.gif,ColumnGraph
tier_bestandt.gif,ColumnGraph
COLUMN.gif,ColumnGraph
charts3.gif,ColumnGraph
simple-gaming-flowchart-09272008.jpg,FlowChart
flujo.gif,FlowChart
Flow%2Bchart%2Bsymbol.jpg,FlowChart
diagrama-flujo.gif,FlowChart
AlgoritmoRaiz.png,FlowChart
ejemplo4.jpg,FlowChart
DIAGRAMA%2BDE%2BFLUJO.JPG,FlowChart
diagrama_flujo.png,FlowChart
y5771s01.gif,FlowChart
Email%2BMarketing%2BFlow%2BChart.JPG,FlowChart
ecuacion-2do-grado.jpg,FlowChart
ko.png,FlowChart
serie-de-fibonacci%255B1%255D.jpg,FlowChart
Diagrama%2Bde%2Bflujo.jpg,FlowChart
070918_flowchart.png,FlowChart
16855.gif,FlowChart
20080706021238.png,FlowChart
Flussdiagramm.gif,FlowChart
Transportation_Org_Chart_small.jpg,FlowChart
figap1-1.bmp,FlowChart
ecoplus-flow.gif,FlowChart
Markow_flowchart_lf.png,FlowChart
diagrama1.jpg,FlowChart
diagramaromano.gif,FlowChart
diagrama-de-flujo-mac-apple1.jpeg,FlowChart
designer-callflow.gif,FlowChart
bodycheck054.jpg,FlowChart
Flowchart02.gif,FlowChart
f0ce7bbb.jpg,FlowChart
image012.jpg,FlowChart
factorial.jpg,FlowChart
90.jpg,FlowChart
gtd-flowchart.png,FlowChart
diagppal.gif,FlowChart
Flussdiagramm_(Programmablaufplan).png,FlowChart
Kiriki_diagrama_flujo.png,FlowChart
Diagrama_de_flujo_de_factorial.png,FlowChart
180px-Flussdiagramm_(Programmablaufplan).png,FlowChart
307px-Diagrama_de_flujo_del_consenso.svg.png,FlowChart
jugyou_ME-thumb.gif,FlowChart
Flussdiagramm_e.gif,FlowChart
Flussdiagramm_PZT.gif,FlowChart
flussdiagramm.jpg,FlowChart
harry-redknapp-flow-chart.jpg,FlowChart
99115497.gif,FlowChart
Flussdiagramm.png,FlowChart
standart-flussdiagramm.gif,FlowChart
b8.gif,FlowChart
Flow_Chart.jpg,FlowChart
flowchart.gif,FlowChart
flowchartParts.png,FlowChart
08_0055_es_02.gif,FlowChart
packingorder.gif,FlowChart
009_1.gif,FlowChart
diagrama_flujo.gif,FlowChart
algorithm.JPG,FlowChart
Dog.can.i.eat.Flow.chart.jpg,FlowChart
flow-chart.gif,FlowChart
GTD_Flow_Chart.jpg,FlowChart
Process-Flowchart.png,FlowChart
cuadro.gif,FlowChart
ProcNotasDosGran.gif,FlowChart
nsr-flow-chart-1.gif,FlowChart
5001-Procedure_.gif,FlowChart
einflsys14.gif,FlowChart
softproxy-flowchart.png,FlowChart
Flussdiagramm.jpg,FlowChart
call_99-14_convoy1.gif,FlowChart
chart.gif,FlowChart
ukeoi_flow.gif,FlowChart
figure5.gif,FlowChart
Flow%2520Chart1.jpg,FlowChart
Flow%2520Chart2.jpg,FlowChart
flussdiagramm.png,FlowChart
img243.gif,FlowChart
img310.gif,FlowChart
jazztelrespondecd1.gif,FlowChart
cost_flow_j.jpg,FlowChart
flowchart_hund.png,FlowChart
ringtone-flowchart-update.png,FlowChart
flussdiagramm.png,FlowChart
Diagrama_de_flujo.png,FlowChart
flow1.jpg,FlowChart
fig_hz_206.gif,FlowChart
fig_tk_206.gif,FlowChart
fig_ut_208.gif,FlowChart
h0916-1b.gif,FlowChart
s0414-5g.gif,FlowChart
diagrama.Hx026,FlowChart
diagrama.Hx035,FlowChart
fgc32.gif,FlowChart
Image1368.gif,FlowChart
Image6151.gif,FlowChart
Image7256.gif,FlowChart
birne-flussdia.png,FlowChart
diagrama-de-flujo-para-tontos.gif,FlowChart
image003.gif,FlowChart
flussd44.gif,FlowChart
Process3.jpg,FlowChart
Palin_debate_flow_chart.jpg,FlowChart
flow_chart_rfcafe.jpg,FlowChart
Flussdiagramm_PacMan.jpg,FlowChart
a08fig07g.jpg,FlowChart
MCU_flow_chart.gif,FlowChart
flow_p01_s.gif,FlowChart
212_img_01.gif,FlowChart
sanduhr_flussdiagramm_hauptprogramm.gif,FlowChart
sanduhr_flussdiagramm_up_naechstzust.gif,FlowChart
flowchart_pg1.jpg,FlowChart
flowchart.gif,FlowChart
qual_flow_chart.gif,FlowChart
97_68b2.gif,FlowChart
Demo%2520Flow%2520Chart.jpg,FlowChart
fig21.jpg,FlowChart
flexible-post-flow-chart.jpg,FlowChart
Flujo.jpg,FlowChart
line%252Bgraph..gif,LineGraph
QwMC2YLWs7lwobr2sHLJWycR_500.gif,LineGraph
2d3d-line-graph-for-php6420.jpg,LineGraph
Gourd_example_line_graph_gif.gif,LineGraph
fig_2.JPG,LineGraph
graph2xplus1.gif,LineGraph
line%2Bgraph.jpg,LineGraph
02.png,LineGraph
2009021202.png,LineGraph
img.gif,LineGraph
120px-Liniendiagramm-Beispiel_svg.png,LineGraph
objct18.png,LineGraph
line-graph-days-on-market.jpg,LineGraph
nordmann_e47cd588320a0b.jpg,LineGraph
fisa_line_graph.png,LineGraph
graph_ore_2da03.gif,LineGraph
20070421_03.png,LineGraph
example1.png,LineGraph
wxpython_liniendiagramm_v01.gif,LineGraph
TEMPLATE_image004.gif,LineGraph
02.jpg,LineGraph
2D-3D-Line-Graph-1493.png,LineGraph
2D-3D-Line-Graph-1494.png,LineGraph
2D-3D-Line-Graph-for-PHP-23549.png,LineGraph
a2ps2p.jpg,LineGraph
fub884.jpg,LineGraph
6a00d8341e992c53ef0105369bac54970c-320wi,LineGraph
fotr.jpg,LineGraph
cleanupline.gif,LineGraph
SmallExampleLine.gif,LineGraph
line.jpg,LineGraph
gsg_5_002i.jpg,LineGraph
01_diagrammziel.png,LineGraph
linegraph.gif,LineGraph
wf_cr_dottedline.jpg,LineGraph
mult-line-graph1.gif,LineGraph
line-chart-sample.png,LineGraph
line-chart-with-axis-labels.png,LineGraph
linechart2.gif,LineGraph
EmpSalLineGraphSimple.jpg,LineGraph
postreportLine.jpg,LineGraph
7444.date-line-graph1.jpg,LineGraph
line_graph.jpg,LineGraph
Liniendiagramm_einer_Periode_einer_sinusfoermigen_Wechselspannung.png,LineGraph
Bush_disapproval_ratings_line_graph.png,LineGraph
20060310230751!Bush_approval_ratings_line_graph.png,LineGraph
Graph.png,LineGraph
120px-Liniendiagramm_einer_Periode_einer_sinusfoermigen_Wechselspannung.png,LineGraph
116px-Liniendiagramm_Ausgleich.svg.png,LineGraph
540px-Liniendiagramm_Ausgleich.svg.png,LineGraph
pageview.jpg,LineGraph
graph_data02_02.gif,LineGraph
graph_data05_05.gif,LineGraph
graph_data05_06.gif,LineGraph
graph3.jpg,LineGraph
Line_Graph.jpg,LineGraph
304ff63e-d1e8-11df-b919-000255111976.png%3Fsize%3D100x100,LineGraph
illcs2_chart_8.jpg,LineGraph
illcs2_chart_8.jpg,LineGraph
zedgraph_05.gif,LineGraph
grlog.3.gif,LineGraph
linegraphs.gif,LineGraph
03edpp-5-10.jpg,LineGraph
gif_lines.aspx,LineGraph
lineexample.gif,LineGraph
line.gif,LineGraph
screenshot.JPG,LineGraph
Graphi.jpg,LineGraph
Linegraph.gif,LineGraph
image004.jpg,LineGraph
Liniendiagramm.jpg,LineGraph
image200_22.jpg,LineGraph
w_add0.gif,LineGraph
gr38.png,LineGraph
fig03.jpg,LineGraph
normdist500_01.png,LineGraph
php-gnuplot.gif,LineGraph
gn-20080616-07.gif,LineGraph
gn-20081207-16.gif,LineGraph
gn-20090606-13.gif,LineGraph
graphmaker_line_chart.jpg,LineGraph
pylot_latency_sample.png,LineGraph
line_script3.png,LineGraph
plot3_10.png,LineGraph
lineGraphSample.gif,LineGraph
ssrs2008-pareto-chart.jpg,LineGraph
linegraph.gif,LineGraph
line-graph-dual-axis.gif,LineGraph
line-graph-negative.gif,LineGraph
abb1.jpg,LineGraph
Line_drawing.jpg,LineGraph
rueckstaende_frauenmilch.jpg,LineGraph
driving_line.gif,LineGraph
Feuerkogel_Liniendiagramm.jpg,LineGraph
Temperaturkurve.jpg,LineGraph
multiple-linegraph.gif,LineGraph
tables-graphs-statistics_line-graphs-basics4_rs.gif,LineGraph
tables-graphs-statistics_line-graphs-basics5_rs.gif,LineGraph
line-graph-example.gif,LineGraph
line.gif,LineGraph
Line2FW.gif,LineGraph
webkaiseki_1_2.gif,LineGraph
figure7.gif,LineGraph
img_b43.gif,LineGraph
003205.jpg,LineGraph
liniendiagramm-hallenbad.gif,LineGraph
liniendiagramm-punkte-hallenbad.gif,LineGraph
liniendiagramm.png,LineGraph
image010.jpg,LineGraph
g6a1.jpg,LineGraph
line4.png,LineGraph
line2.gif,LineGraph
linegraphex.gif,LineGraph
back5-0611_2.gif,LineGraph
back5-0612_1.gif,LineGraph
back5-0702_1.gif,LineGraph
Communication_System_2.gif,LineGraph
image1.png,LineGraph
line-graph.gif,LineGraph
linegraph.jpg,LineGraph
LINEGR.gif,LineGraph
chart5.png,LineGraph
graph_keynote.png,LineGraph
mapa_politico_colombia.jpg,Map
unclassed%2Bchoropleth.gif,Map
24.gif,Map
5062294603_ab1759fc1f_z.jpeg,Map
unclassed%2Bchoropleth.gif,Map
Choropleth.gif,Map
mapa_de_chile_fisico.jpg,Map
coropletas.png,Map
choropleth_internet_users_2005.png,Map
Mapa%2Bdensidad%2Bagraria.jpg,Map
7RaionPopDenPerCh8902.jpg,Map
classed%2Bchoropleth.gif,Map
rep_05am1.jpg,Map
32-%2BClassed%2Bchoropleth%2Bmaps.png,Map
classed%2Bchoropleth%2Bmap.gif,Map
PCPI.Concellos%2Bde%2BGalicia.JPG,Map
church_bodies.gif,Map
MAPa%2Bcoropletas2.jpg,Map
Statplanet.jpg,Map
2010-01-13_200843.jpg,Map
figure3_1-en.jpg,Map
univariate.gif,Map
Africa_by_gdp.png,Map
isopleth.gif,Map
Isopleth.jpg,Map
isopleth%2Bnicole.jpg,Map
kazakhstan-temperature-map-july.jpg,Map
nominal%2Bchoropleth.gif,Map
mapa-litologico1.jpg,Map
mapa_politico_espana.jpg,Map
densitat_poblacio.gif,Map
Internet_global_maps.jpg,Map
20080604-02.jpg,Map
20090407160057b13.png,Map
fullmap02.jpg,Map
images%255B10%255D.jpg,Map
sloper.jpg,Map
choropleth.jpg,Map
05-prokletije-mapa.jpg,Map
08-prokletije-mapa.jpg,Map
choropleth-5bad2.gif,Map
choropleth-mercator.png,Map
GetImage.aspx%3FID%3D78060538,Map
16.jpg,Map
mapa-mundi-mapa-mundo.gif,Map
ecuador_mapa_rios_y-montanas.gif,Map
2722421074_3110b0e98c.jpg,Map
3252333809_7c4212bdfb.jpg,Map
a_referencia.jpg,Map
Choropleth2.gif,Map
l_tokyo3.jpg,Map
E383A9E38399E383AB02-6ab42.jpg,Map
E58886E5B8832BE382B8E382AAEFBC90EFBC92-0b6b2.jpg,Map
07_merca.gif,Map
image220.jpg,Map
mapa-cabo-frio.jpg,Map
680.jpg,Map
8695b936.jpg,Map
4888aca1.gif,Map
geomapgooglevisualization.png,Map
africa_political.gif,Map
karte_ogaden_haud_somali.gif,Map
map-AmFact-6eqint-orange-80pct.jpg,Map
068-1.gif,Map
104-1.gif,Map
129-1.gif,Map
ogres_pilsetas_karte.jpg,Map
2008-prediction-map-11252007.jpg,Map
102268484_8f15c3a897_o.jpg,Map
gmpchoro.gif,Map
dq9_worldmap-05.jpg,Map
Karte-es.png,Map
Uruguay_mapa.png,Map
Karte_Elde.png,Map
Ghana-karte-politisch.png,Map
Island-karte.png,Map
Choropleth_map.jpg,Map
Results_of_the_June_2008_referendum_on_the_Twenty-eighth_Amendment_of_the_Constitution_of_Ireland_-_choropleth.png,Map
MAPA_DE_CASTILLA_EN_1706.jpg,Map
Karte_Yosemite-Nationalpark.png,Map
20090517154140!Karte_Elde.png,Map
20100824140619!Mapa_Lenguas_del_Mundo.png,Map
Volker-Karte_der_Indischen_Welt_1847.jpg,Map
Hessen-karte_guillaume-delisle_1720.jpg,Map
Laos-Karte.png,Map
800px-USA_states_population_density_map.PNG,Map
560px-Navarra_-_Mapa_municipal_Arakil.svg.png,Map
778px-Toledo_-_Mapa_municipal.svg.png,Map
463px-Mapa_de_argentina_en_1816.svg.png,Map
126948349708016219893_polycontour.png,Map
mapa-do.jpg,Map
Total%2520Acres%2520of%2520Land%2520in%2520Orchards-choropleth%2520map.gif,Map
"Forage%2520-%2520Land%2520Used%2520for%2520All%2520Hay%2520and%2520All%2520Haylage,%2520Harvested%2520Acres%25202002-choropleth%2520map.gif",Map
tim-karte.jpg,Map
Karte_gesamt.jpg,Map
Karte_1926.gif,Map
mapacol.jpg,Map
dormrepspanish.jpg,Map
choropleth.jpg,Map
07_0091_02.gif,Map
Vakaworld_050915_ja.gif,Map
vakachizu_030930.gif,Map
map_d.gif,Map
mapa.jpg,Map
nialta-83ni.jpg,Map
mapa-mundi-2009-300x1861.gif,Map
Olympic_Athletes.jpg,Map
barcelona-map-g.gif,Map
mapa-barrios-londres.gif,Map
isopleth.gif,Map
USAacid_rain2.gif,Map
sougou.gif,Map
f1-4.jpg,Map
s9_05_7.png,Map
map31a.jpg,Map
map99a.jpg,Map
1476-072X-3-18-7-l.jpg,Map
karte-seenplatte.gif,Map
mapa.jpg,Map
25000jyo_01.jpg,Map
ss_map1.gif,Map
politische-karte-indiens.gif,Map
HamburgKarte_Version1_071210_150dpi.gif,Map
001.gif,Map
suiri_3.jpg,Map
nakatsumachiT10L.jpg,Map
karte.png,Map
karte.jpg,Map
map.jpg,Map
census_bivar_choro.jpg,Map
karteLV.png,Map
mapa-politico-argentina.jpg,Map
mapa-politico-argentina_rte.jpg,Map
fig08.jpg,Map
B000301YZM.01._SS400_SCLZZZZZZZ_.jpg,Map
mapa-mexico-gde.jpg,Map
ikegami3.gif,Map
MEDIUM_1478-7954-5-3-6.jpg,Map
figure3.3-en.jpg,Map
Jacksonville_isopleth_map.jpg,Map
Kentucky_TCE_isopleth_map.jpg,Map
karte-suedtirol.jpg,Map
img041.gif,Map
img043.gif,Map
creole-mapa.gif,Map
631_karte_afrika.jpg,Map
mapa_skopje.JPG,Map
karte_gr.gif,Map
karte_per_pfeil.jpg,Map
20071229_Mapa_siete_dialnic_a_rychlostnych_ciest_SR.jpg,Map
karte-0-9003.gif,Map
karte-0-9014.gif,Map
karte-0-9023.gif,Map
albanien_karte_01.png,Map
20070516115341-mapa-mundi112.jpg,Map
citationexample.jpg,Map
Mst.png,NetworkDiagram
geometry-glossary1.jpg,NetworkDiagram
geometry-glossary15.jpg,NetworkDiagram
searchBFS.gif,NetworkDiagram
home_network_20060113.gif,NetworkDiagram
boingboing_michellemalkin.png,NetworkDiagram
4684071664_7c8d77b3a7_z.jpg,NetworkDiagram
img8.gif,NetworkDiagram
network.jpg,NetworkDiagram
stock-vector-highly-connected-graph-58230298.jpg,NetworkDiagram
stock-vector-highly-connected-graph-60686047.jpg,NetworkDiagram
imga2d13153zik6zj.png,NetworkDiagram
20090527-mgsyrgd2pimcnc84kek79ebdnr.jpg,NetworkDiagram
Cisco-09-07.gif,NetworkDiagram
070514_ciscoL.jpg,NetworkDiagram
None.jpg,NetworkDiagram
query.jpg,NetworkDiagram
p5606.jpg,NetworkDiagram
ConferenceNetwork_All_color.png,NetworkDiagram
486px-Cross_graph_6_Nodes_highlighted.svg.png,NetworkDiagram
220px-6n-graf.png,NetworkDiagram
220px-Barabasi_Albert_1000nodes.png,NetworkDiagram
image040.jpg,NetworkDiagram
smartdiagramming.jpg,NetworkDiagram
2d_spring_embedding.gif,NetworkDiagram
eulerian_01.png,NetworkDiagram
newhomenet2.gif,NetworkDiagram
petrinet.png,NetworkDiagram
tube_map_thumbnail.png,NetworkDiagram
Cgaku02.gif,NetworkDiagram
023.jpg,NetworkDiagram
024.jpg,NetworkDiagram
graph-nodes-edges-md.png,NetworkDiagram
11949852911386694571mygraph_john_rariden_01.svg.med.png,NetworkDiagram
fig01.gif,NetworkDiagram
lbp_user_hearts_subsample_2877nodes.png,NetworkDiagram
DirectedGraph.png,NetworkDiagram
GraphOrTree.png,NetworkDiagram
LOVELayers.png,NetworkDiagram
NonBiconnectedGraph.png,NetworkDiagram
SCCs.png,NetworkDiagram
SaarlandAndDual.png,NetworkDiagram
img37.gif,NetworkDiagram
img38.gif,NetworkDiagram
080219_BigGraphSpring.jpg,NetworkDiagram
netz21g.gif,NetworkDiagram
u2000x0.gif,NetworkDiagram
nki-netzgrafik.gif,NetworkDiagram
Stadtplan-gross.jpg,NetworkDiagram
force%2520directed.PNG,NetworkDiagram
networkDiagram.jpg,NetworkDiagram
WebGraphBase.jpg,NetworkDiagram
bit0511cisco.jpg,NetworkDiagram
5111f05.gif,NetworkDiagram
336px-3_vertex_fully_connected_graph.svg.png,NetworkDiagram
diagrama_pateto.gif,ParetoChart
diagrama%2Bpareto.jpg,ParetoChart
14%2Bpareto.jpg,ParetoChart
simplePareto.png,ParetoChart
pareto1.bmp,ParetoChart
pareto-chart2.gif,ParetoChart
fig47.gif,ParetoChart
paretosix-sigma.gif,ParetoChart
f60276a533b517e865676e81fe47721a.png,ParetoChart
tm_pareto_chart_1.jpg,ParetoChart
pareto-diagram.png,ParetoChart
5-format-the-pareto-chart.png,ParetoChart
pareto-chart.png,ParetoChart
pareto.gif,ParetoChart
Qc7_img4.gif,ParetoChart
final_pareto_chart2.png%3Fw%3D600%26h%3D386,ParetoChart
0.jpg,ParetoChart
pareto1.png,ParetoChart
3.gif,ParetoChart
continuous-improvement-for-roll-forming---part-ii-typical-pareto-analysis-roll-forming.jpg,ParetoChart
diagrama-de-causa-efecto-y-diagrama-de-pareto_19764_15_2.jpg,ParetoChart
2347654.jpg,ParetoChart
tlh20080623-8.jpg,ParetoChart
0.jpg,ParetoChart
pareto.gif,ParetoChart
zu01.jpg,ParetoChart
zuf.jpg,ParetoChart
20070916213357-pareto-g.jpg,ParetoChart
"Aa964128.moressrschartsfig11(l%3Den-US,v%3DSQL.90).gif",ParetoChart
paretogramm.png,ParetoChart
Graph.jpg,ParetoChart
colline2axis.png,ParetoChart
pareto.gif,ParetoChart
pagura031-60.JPG,ParetoChart
pareto-chart.jpg,ParetoChart
pareto1.gif,ParetoChart
picture1.png,ParetoChart
c030115_pareto_chart.gif,ParetoChart
384px-Pareto.PNG,ParetoChart
591px-Pareto_chart_of_titanium_investment_casting_defects.svg.png,ParetoChart
450px-Diagramma-Pareto.jpg,ParetoChart
exemplo-de-diagrama-de-pareto.gif,ParetoChart
imagem89.GIF,ParetoChart
201039144150157.jpg,ParetoChart
Pareto%2520Chart.JPG,ParetoChart
paretochart.gif,ParetoChart
pareto-wykres.png,ParetoChart
200922717580286.JPG,ParetoChart
tqm_ht9.gif,ParetoChart
how-to-create-a-pareto-chart-in-excel-300x300.png,ParetoChart
how-to-create-a-pareto-chart-in-excel.png,ParetoChart
pc-pc.jpg,ParetoChart
pareto0001.png,ParetoChart
parate.png,ParetoChart
pareto.gif,ParetoChart
11-01.jpg,ParetoChart
JFreeChartParetoChartDemo.PNG,ParetoChart
2007-204.jpg,ParetoChart
abc.gif,ParetoChart
ep22qc_f01.jpg,ParetoChart
24503_5741_2.jpg,ParetoChart
54376_201001181440231ciT0.jpg,ParetoChart
54376_201001181441461fJWx.jpg,ParetoChart
pareto1.jpg,ParetoChart
Diagrama_de_Pareto.png,ParetoChart
c23cb8a6cbfd48d3e02f59248b9af4cf,ParetoChart
pareto.gif,ParetoChart
pareto_chart.gif,ParetoChart
Image7507.gif,ParetoChart
Image1412.gif,ParetoChart
Image1028.gif,ParetoChart
Image1372.gif,ParetoChart
pareto-chart.jpg,ParetoChart
paretochart.jpg,ParetoChart
control-chart-pareto3.jpg,ParetoChart
pareto-chart-example-cost.jpg,ParetoChart
pareto-chart-example-defects.jpg,ParetoChart
pareto-chart-example-source.jpg,ParetoChart
pareto-chart-template.jpg,ParetoChart
Pareto3.JPG,ParetoChart
QCSPCC68.jpg,ParetoChart
ParetoExampleChart.jpg,ParetoChart
pareto_example.png,ParetoChart
1103_03.gif,ParetoChart
art13fig3.jpg,ParetoChart
Chart1.gif,ParetoChart
1524000003s.jpeg,ParetoChart
tutorialgrolap_figura14.gif,ParetoChart
7_1266758262KyHj.jpg,ParetoChart
sample-pareto-chart-pets.gif,ParetoChart
pareto-analysis-report.gif,ParetoChart
pareto-chart_large.gif,ParetoChart
en1.png,PieChart
kreisdiagramm-gross.jpg,PieChart
bunruigraph.jpg,PieChart
12948609780001.png,PieChart
chart.png,PieChart
200905191437323e6.png,PieChart
200753111459265.jpg,PieChart
kimoti.jpg,PieChart
pie-chart.jpg,PieChart
simppie.png,PieChart
kreisdiagramm-des-nationproblems-thumb6531327.jpg,PieChart
cloorkotki.jpg,PieChart
Kreisdiagramm_dtp_Services.jpg,PieChart
graph.jpg,PieChart
p2es6jgy.png,PieChart
yb9k37iq.png,PieChart
pie-chart-1.gif,PieChart
2007929104923.jpg,PieChart
ssssssssss2.jpg,PieChart
Pie1.jpg,PieChart
piePic.JPG,PieChart
Kreisdiagramm.jpg,PieChart
3394588219132045142.jpg,PieChart
3445816664892772176.jpg,PieChart
4810970301939129004.jpg,PieChart
PieChart.png,PieChart
ph1.gif,PieChart
pieChart.jpg,PieChart
pieChartBasic.png,PieChart
cir_de.gif,PieChart
pieChartWithKeys.png,PieChart
weblog_pie_chart.gif,PieChart
basic-pie-chart.png%3Fw%3D485%26h%3D404,PieChart
pie-chart-sample.png,PieChart
world.png,PieChart
yl050218-oa1-10.GIF,PieChart
pacman_piechart.jpg,PieChart
PieChartSimpleSample.png,PieChart
300px-Tortendiagramm-2d.png,PieChart
FederalBudgetPieChart.jpg,PieChart
graph_data03_07.gif,PieChart
graph_data03_08.gif,PieChart
070412_gurafu.jpg,PieChart
6a00c2251e719a8e1d00d4142d7c6e6a47.jpg,PieChart
3.JPG,PieChart
kreisdiagramm.gif,PieChart
bild19.gif,PieChart
o_image003.png,PieChart
PieChart1.JPG,PieChart
image_new.PNG,PieChart
siv_piechart1.jpg,PieChart
pie_chart_2d.png,PieChart
kreisdiagramm2.gif,PieChart
budget1.gif,PieChart
gr43.png,PieChart
gr44.png,PieChart
gn-20090208-08.gif,PieChart
pie_simple.jpg,PieChart
PieChart.gif,PieChart
20060802071057.jpg,PieChart
image030.gif,PieChart
Chart_simplepie.PNG,PieChart
JFreeChartPieChartDemo1.PNG,PieChart
JFreeChartPieChartDemo7.PNG,PieChart
pie-chart-small.png,PieChart
PieChart.png,PieChart
Stiftungsgruppe_Kreisdiagramm_72dpi_01.jpg,PieChart
chart_example_1.png,PieChart
pie%2520chartDE.gif,PieChart
Kreisdiagramm_geografisch.jpg,PieChart
kreisdiagramm.gif,PieChart
kreisdiagramm-150x150.jpg,PieChart
pie_chart_of_the_hottest_clipmarks.gif,PieChart
pie1.jpg,PieChart
pie2.jpg,PieChart
CreatPieChartJD001.jpg,PieChart
categoryPie07.gif,PieChart
2007412233350125.jpg,PieChart
radar.png,RadarPlot
StarPlot1.jpg,RadarPlot
424px-Izardiagrama02_eu_svg.png,RadarPlot
star%2Bplot.gif,RadarPlot
obs-star-3.png,RadarPlot
obs-star-4.png,RadarPlot
ceQM6hsLfV2A.jpg,RadarPlot
radar.png,RadarPlot
Star%2BPlot.gif,RadarPlot
20110202223134.png,RadarPlot
radar_plot.png%3Fw%3D300%26h%3D200,RadarPlot
radar.gif,RadarPlot
493239064_14e5983a47.jpg,RadarPlot
4351170548_e9f2f8c4b2.jpg,RadarPlot
4210319988_e43f3cdea0.jpg,RadarPlot
iChart_RadarChart.gif,RadarPlot
stock-photo-spider-web-radar-or-star-graph-white-chalk-drawing-on-blackboard-51645970.jpg,RadarPlot
th_0710lfw06f4.gif,RadarPlot
employeeradar_2.jpg,RadarPlot
radar.png,RadarPlot
1304.jpg,RadarPlot
radarlogex1-aa.png,RadarPlot
reps.png,RadarPlot
example8.png,RadarPlot
CondRadar.gif,RadarPlot
RadarShapeA4.gif,RadarPlot
RadarShapeA5.gif,RadarPlot
Radar1.png,RadarPlot
radarjagged.png,RadarPlot
radarsmooth.png,RadarPlot
AnnualRadar.png,RadarPlot
radarvisits.png,RadarPlot
07061805553334.jpg,RadarPlot
4(18).jpg,RadarPlot
grrbasic.gif,RadarPlot
fusion25546_1_ggdpbrc1.gif,RadarPlot
300px-MER_Star_Plot.gif,RadarPlot
radar_b.gif,RadarPlot
ILOG_JVIews_radar_b.gif,RadarPlot
Fig1.jpg,RadarPlot
polar5.gif,RadarPlot
multiradar_g.png,RadarPlot
ppex1.gif,RadarPlot
radarex2.png,RadarPlot
radarex7.png,RadarPlot
radarmarkex1.png,RadarPlot
bhc3---Andrew-McAfee---E20-radar-chart-757973.jpg,RadarPlot
xuting9298200922514502881359.gif,RadarPlot
figure17.jpg,RadarPlot
rader_chart.gif,RadarPlot
php5.gif,RadarPlot
Image25.jpg,RadarPlot
radar_chart3.gif,RadarPlot
facetChart_start.png,RadarPlot
a1-fig2.gif,RadarPlot
HL02.gif,RadarPlot
multiradar_g.png,RadarPlot
radar.png,RadarPlot
eFig4EvoPotential.gif,RadarPlot
radar-chart-shrinkage-in-market-value-of-major-banks-2007q2-to-20-jan-2009.png,RadarPlot
ExportToChartRadar.png,RadarPlot
ExportToChartRadarSwapped.png,RadarPlot
50_chart.png,RadarPlot
BVCradarChart.jpg,RadarPlot
graficos%2Bde%2Bdispersion.png,ScatterGraph
Figura%2B10.%2B%2BDiagrama%2Bde%2Bdispersi%25C3%25B3n%2Bentre%2Bla%2Btalla%2By%2Bel%2Bpeso%2Bde%2Buna%2Bmuestra%2Bde%2Bindividuos..gif,ScatterGraph
Grafico%2B1.jpg,ScatterGraph
scatter_out.gif,ScatterGraph
scatter_plot.gif,ScatterGraph
tb16.jpg,ScatterGraph
grafica_ley_zipf.jpeg,ScatterGraph
20070310091827.png,ScatterGraph
scatter-graph-links.png,ScatterGraph
age_scatterplot.gif,ScatterGraph
_SCATTER.GIF,ScatterGraph
fig32.png,ScatterGraph
300px-lang-breit.svg.png,ScatterGraph
400px-punkte.png,ScatterGraph
graf64.gif,ScatterGraph
Borgwardt_html_m1f9009c7.gif,ScatterGraph
v1308.gif,ScatterGraph
469999740_a13237924f.jpg,ScatterGraph
755375465_4804d3bc0c.jpg,ScatterGraph
scatter.jpg,ScatterGraph
DataPr7.gif,ScatterGraph
Chart_Scatter_Chart_01.png,ScatterGraph
datos-ecologicos-histogramas-y-graficos-de-dispersion-2-4_28715_8_1.jpg,ScatterGraph
Streudiagramm.jpg,ScatterGraph
2006tu01s.jpg,ScatterGraph
2006tu02s.jpg,ScatterGraph
cause-analysis-tools-scatt.gif,ScatterGraph
bunsan.gif,ScatterGraph
zu04.gif,ScatterGraph
grafico.PNG,ScatterGraph
sanpuzu1.jpg,ScatterGraph
parmenter23.png,ScatterGraph
scatter.jpg,ScatterGraph
sikaku-2nd-nn-2008.gif,ScatterGraph
03_scatter.jpg,ScatterGraph
04_scatter.gif,ScatterGraph
11_scatter.jpg,ScatterGraph
chart1.gif,ScatterGraph
05f69_scatter_example.jpg,ScatterGraph
admc1a00.19961010120806.p13.gif,ScatterGraph
sct1.png,ScatterGraph
001-008-es11.jpg,ScatterGraph
f0103208.jpg,ScatterGraph
graph_partycost.gif,ScatterGraph
ch9_scatter_graph_method.gif,ScatterGraph
plt-ex-scatter.png,ScatterGraph
scatter_plot.jpg,ScatterGraph
Scatter-Chart-Rainfall-v-Temperature.jpg,ScatterGraph
Datgraf_-_Streudiagramm_Freizeitpark-Beispiel.png,ScatterGraph
Streudiagramm_Kriegsschiffe.png,ScatterGraph
120px-Datgraf_-_Streudiagramm_Freizeitpark-Beispiel.png,ScatterGraph
800px-Streudiagramm_Kriegsschiffe.png,ScatterGraph
graph_data02_04.gif,ScatterGraph
graph_data07_01.gif,ScatterGraph
400px-SOCR_Activities_ScatterCharts_Chui_090607_Fig1.jpg,ScatterGraph
illcs2_chart_10.jpg,ScatterGraph
MethodComparisonScatterPlot.PNG,ScatterGraph
jibun5.gif,ScatterGraph
graph_43.gif,ScatterGraph
graph_51.gif,ScatterGraph
korrelation_formel_bevoelkerung.gif,ScatterGraph
korrelation_formel_jury.gif,ScatterGraph
korrelation_whr_bevoelkerung.gif,ScatterGraph
scat_b1.gif,ScatterGraph
streudiagramm.gif,ScatterGraph
scat2.gif,ScatterGraph
Picture%2520182.png,ScatterGraph
scatter-plot.jpg,ScatterGraph
xy_pair_scatter_1.jpg,ScatterGraph
cubist-scatter.gif,ScatterGraph
scatter-chart-with-highlight-box.png,ScatterGraph
ScatterGraphLarge.jpg,ScatterGraph
Streudiagramm.jpg,ScatterGraph
sp040729.es_img001.jpg,ScatterGraph
seven05.gif,ScatterGraph
imagen-32.png,ScatterGraph
ch15_fig01.gif,ScatterGraph
regre.gif,ScatterGraph
Image121.gif,ScatterGraph
Image123.gif,ScatterGraph
image128.gif,ScatterGraph
pf362-3.gif,ScatterGraph
pf369-13.gif,ScatterGraph
pf369-7.gif,ScatterGraph
scatter_plain.jpg,ScatterGraph
reglineal1.png,ScatterGraph
AC_Scatter.jpg,ScatterGraph
IV3.gif,ScatterGraph
IVins.gif,ScatterGraph
image2.gif,ScatterGraph
gakusha34_thum04.gif,ScatterGraph
8421_2442_fig2.jpg,ScatterGraph
sanpuzu2.gif,ScatterGraph
example1.gif,ScatterGraph
Diagrmadedispersion.png,ScatterGraph
Image6382.gif,ScatterGraph
Image5099.gif,ScatterGraph
SmartScatterChart.jpg,ScatterGraph
scatterplot.gif,ScatterGraph
OlofEcht_250px.gif,ScatterGraph
Image1.gif,ScatterGraph
streudiagram.jpg,ScatterGraph
scatter-plot-example-negative-correlation.jpg,ScatterGraph
scatter-plot-example-positive-correlation.jpg,ScatterGraph
sctt.jpg,ScatterGraph
art10-figura03.jpg,ScatterGraph
art10-figura04.jpg,ScatterGraph
pag72-2.jpg,ScatterGraph
fig08-01.jpg,ScatterGraph
fig05-01.jpg,ScatterGraph
a01f2.jpg,ScatterGraph
img012.gif,ScatterGraph
imageVol03_5.gif,ScatterGraph
figure9.gif,ScatterGraph
diagr_1.gif,ScatterGraph
graph_scatter.gif,ScatterGraph
4641.gif,ScatterGraph
scatter-plot.png,ScatterGraph
quantitative-113_1.jpg,ScatterGraph
quantitative-113_3.jpg,ScatterGraph
img00042.gif,ScatterGraph
img00044.gif,ScatterGraph
scatter.gif,ScatterGraph
r001.png,ScatterGraph
Alligator-Data.jpeg,ScatterGraph
